reported_at,job_title,company_name,contact_email,job_description,risk_score,verdict,red_flags_count,reported_by_reason
2026-04-30 11:41:13,work from home job earn money fast,,joboffer123@gmail.com,"work from home job earn money fast

earn money earn money earn money

no experience no experience no experience

urgent hiring urgent hiring urgent hiring

earn 50000 per week earn 50000 per week

contact whatsapp 9876543210 contact now

send aadhar pan bank details

gmail joboffer123@gmail.com

earn money fast limited seats apply now",72.2,🚨 LIKELY FAKE,9,User reported
